frame_idx,v0,v1,v2,v3,v4,v5,v6,v7,v8,v9,v10,v11,v12,v13,v14
0,0.19782413342139238,0.13203253092439388,-0.2688415424187221,0.9952046651029051,-0.011435809941247505,0.09714369155226811,0.013225021948122778,0.9997542005365072,-0.017794305383491443,-0.09691632139060073,0.01899370318281684,0.9951112831676249,801.0,0.0,0.0
1,0.1985315394859249,0.13180711546253115,-0.2664029428715511,0.9943360786364873,-0.012528588967690992,0.10554050018969947,0.014407997558497988,0.9997505861521104,-0.017063853458871573,-0.10530039092124786,0.018487832403777864,0.9942685893282771,801.0,0.0,0.0
2,0.19962794470755704,0.13192106997702893,-0.26521862988159206,0.9937628106508114,-0.012771415506143522,0.11078071634255185,0.014695026534822369,0.9997547977682031,-0.01656503952908858,-0.1105419936609629,0.018089645807169288,0.9937068140815131,801.0,0.0,0.0
3,0.19994108361653123,0.13196188301487632,-0.26484886613552994,0.9935817656239011,-0.012795780323057383,0.11239013758161895,0.014726941520056006,0.9997575529938119,-0.01636925243529423,-0.1121534315710225,0.017919353720198535,0.9935293174079436,801.0,0.0,0.0
4,0.19989506098142729,0.131956,-0.26499336588856365,0.9936426160471519,-0.01278988922140701,0.11185155478881978,0.01471910307388832,0.9997565202922367,-0.016439225585738605,-0.1116140653308196,0.017981069680713883,0.9935889399311291,801.0,0.0,0.0
5,0.199896,0.131956,-0.264999,0.9936446185831527,-0.012789915925547679,0.11183376060635017,0.014719084008198349,0.9997564798604496,-0.016441701341469262,-0.1115962388555305,0.017983298575619946,0.9935909019539377,801.0,0.0,0.0
6,0.199896,0.131956,-0.264999,0.9936446185831527,-0.012789915925547679,0.11183376060635017,0.014719084008198349,0.9997564798604496,-0.016441701341469262,-0.1115962388555305,0.017983298575619946,0.9935909019539377,801.0,0.0,0.0
7,0.199896,0.131956,-0.264999,0.9936446185831527,-0.012789915925547679,0.11183376060635017,0.014719084008198349,0.9997564798604496,-0.016441701341469262,-0.1115962388555305,0.017983298575619946,0.9935909019539377,801.0,0.0,0.0
8,0.199896,0.131956,-0.264999,0.9936446185831527,-0.012789915925547679,0.11183376060635017,0.014719084008198349,0.9997564798604496,-0.016441701341469262,-0.1115962388555305,0.017983298575619946,0.9935909019539377,801.0,0.0,0.0
9,0.199896,0.131956,-0.264999,0.9936446185831527,-0.012789915925547679,0.11183376060635017,0.014719084008198349,0.9997564798604496,-0.016441701341469262,-0.1115962388555305,0.017983298575619946,0.9935909019539377,801.0,0.0,0.0
10,0.199896,0.131956,-0.264999,0.9936446185831527,-0.012789915925547679,0.11183376060635017,0.014719084008198349,0.9997564798604496,-0.016441701341469262,-0.1115962388555305,0.017983298575619946,0.9935909019539377,801.0000000000001,0.0,0.0
11,0.19989599999999996,0.131956,-0.264999,0.9936446185831527,-0.012789915925547679,0.11183376060635017,0.014719084008198349,0.9997564798604496,-0.016441701341469262,-0.1115962388555305,0.017983298575619946,0.9935909019539377,801.0,0.0,0.0
12,0.199896,0.131956,-0.264999,0.9936446185831527,-0.012789915925547679,0.11183376060635017,0.014719084008198349,0.9997564798604496,-0.016441701341469262,-0.1115962388555305,0.017983298575619946,0.9935909019539377,801.0,0.0,0.0
13,0.199896,0.131956,-0.264999,0.9936446185831527,-0.012789915925547679,0.11183376060635017,0.014719084008198349,0.9997564798604496,-0.016441701341469262,-0.1115962388555305,0.017983298575619946,0.9935909019539377,801.0,0.0,0.0
14,0.199896,0.131956,-0.264999,0.9936446185831527,-0.012789915925547679,0.11183376060635017,0.014719084008198349,0.9997564798604496,-0.016441701341469262,-0.1115962388555305,0.017983298575619946,0.9935909019539377,801.0,0.0,0.0
15,0.199896,0.131956,-0.264999,0.9936446185831527,-0.012789915925547679,0.11183376060635017,0.014719084008198349,0.9997564798604496,-0.016441701341469262,-0.1115962388555305,0.017983298575619946,0.9935909019539377,801.0,0.0,0.0
16,0.1999417440582489,0.13194122662710248,-0.26502827975712817,0.9936572834548337,-0.012844739821230617,0.11171488574082292,0.014772476918792148,0.9997556341207997,-0.016445241542808926,-0.11147635158563443,0.017991239608277903,0.9936042161416756,801.0,0.0,0.0
17,0.20143802348216225,0.13168350817109736,-0.26590601864086777,0.9939374922385458,-0.013836593035602751,0.10907249981419681,0.015711513003446444,0.9997428962370437,-0.016348999440645023,-0.10881824241226004,0.017963577503793265,0.9938993409805501,801.0,0.0,0.0
18,0.20463428040729056,0.1314091161063565,-0.26750386280518024,0.9943155916250004,-0.01508365243959245,0.10539918254193015,0.016852932001801716,0.9997312936669255,-0.01591600282728928,-0.10513078965920586,0.017601815023945953,0.9943026164973592,801.0,0.0,0.0
19,0.20938877879779666,0.13142213751916348,-0.268227899846692,0.9942290448650933,-0.016296277837801864,0.10603319138495013,0.017991066004434165,0.9997249219635885,-0.015046659061762963,-0.10575881944626833,0.01686747561225473,0.994248741701895,800.9999999999999,0.0,0.0
20,0.21395242252248303,0.13149999251451566,-0.26720859815534465,0.9936160054891447,-0.01757313409286173,0.11143795849687008,0.01921491240887222,0.9997218417084113,-0.01367575783134631,-0.11116663517852471,0.015729722479960104,0.9936772891909064,801.0,0.0,0.0
21,0.21818397918557264,0.13156401351655123,-0.2658735863782345,0.9929107322381524,-0.018771116585213896,0.11737087794014442,0.020346391972212857,0.9997180942352345,-0.01223749943345721,-0.11710807888446059,0.014538818411930901,0.9930127494746358,801.0,0.0,0.0
22,0.22237706283874198,0.1317930647599992,-0.2649684860519124,0.9923465104262444,-0.019497632298481664,0.12193541560846373,0.02100573895225847,0.9997177930095852,-0.011094740696106106,-0.1216846834072602,0.013571170723171468,0.9924760254783374,801.0,0.0,0.0
23,0.22659871029965623,0.13225391110130985,-0.26468312843534025,0.9919972566812455,-0.019427691230591813,0.12475579165045546,0.020854004323395667,0.9997311399097352,-0.010136981723435648,-0.1245253116461182,0.012657515879123334,0.9921356933661881,801.0,0.0,0.0
24,0.23043962945543672,0.13286437250993433,-0.264857978469432,0.9918790446208922,-0.01846913281428423,0.1258366082467045,0.01982661840480794,0.9997578822334253,-0.009543695026909486,-0.12562987719717145,0.011961105518506859,0.9920050735304728,801.0,0.0,0.0
25,0.23356771419384467,0.13332549157486887,-0.2647162302938733,0.991702646680937,-0.01774646522365565,0.1273221250925784,0.019023302489638256,0.9997801425175845,-0.008819330468133782,-0.12713762042925109,0.011168240666461778,0.9918222098098044,801.0,0.0,0.0
26,0.2353174374089623,0.13344108406028066,-0.2629452757560057,0.9909900542706374,-0.01777306857194476,0.1327510089235338,0.018969914175886636,0.9997899687955881,-0.007756329794207659,-0.13258527328794362,0.010204720929744606,0.9911190690214307,801.0,0.0,0.0
27,0.23673971543565897,0.13326617799371948,-0.26083683359330356,0.9901104832123202,-0.018029359043605975,0.13912646493583652,0.019148894021490726,0.9997941105168746,-0.0067124089211853455,-0.13897679982939426,0.00931014437311449,0.990251872162296,801.0,0.0,0.0
28,0.23772253011138836,0.1331351916574805,-0.2592624946348134,0.9894372020040216,-0.01774517952059224,0.14387192879166824,0.01883068716656495,0.9998035458330391,-0.006186676047528306,-0.14373388087464925,0.00883053472129792,0.9895769768670086,801.0,0.0,0.0
29,0.2387018844624791,0.1331001306666136,-0.257743969054912,0.9887541610850101,-0.01728208433953638,0.14854810163027654,0.018337239454896605,0.999815402784266,-0.005736375555151081,-0.14842154353816567,0.008395827309866663,0.9888885455386422,801.0,0.0,0.0
30,0.23995275812841288,0.133041396939538,-0.2551800200408938,0.9876427956852859,-0.017132267189609,0.15578252004604495,0.018100326100403363,0.9998246648999837,-0.004797671590939851,-0.1556730109107279,0.007558100196431744,0.9877797268598951,801.0,0.0,0.0
31,0.24218454597660322,0.13321411062464908,-0.25320215665925727,0.9867329418096363,-0.01686336965712024,0.16147361490815787,0.017745893017556958,0.999834428908482,-0.004024680143708072,-0.16137900987647114,0.006836777973362255,0.9868688229132749,801.0,0.0,0.0
32,0.2452557454592829,0.13359772011872195,-0.2521867577505015,0.9866812923698687,-0.016550981690183226,0.16182117380743793,0.017411930325806003,0.9998407807561484,-0.003903564943105271,-0.16173080093060532,0.006669193506488074,0.9868123782605881,801.0,0.0,0.0
33,0.24986501286719737,0.1341419296063211,-0.25183155610417307,0.9874475317020687,-0.016631794800806017,0.15706926986904832,0.017545213014549678,0.9998362543834524,-0.004430566638988101,-0.15696986218942197,0.007130765889602573,0.987577649879776,801.0,0.0,0.0
34,0.25438229767118303,0.1345469736310822,-0.2507909687745805,0.9881729204678278,-0.016824586038668047,0.15241788792235478,0.017800896589533984,0.9998288329923836,-0.005043094059902869,-0.15230695103866,0.00769662404666919,0.9883032705822599,801.0,0.0,0.0
35,0.2578776402962834,0.13493615370069315,-0.24984998731081262,0.988736812694066,-0.01673502142324907,0.1487261049094707,0.017751103722416423,0.9998272705581926,-0.005507028671680285,-0.1486082552895885,0.008085054490731,0.9888630938373959,800.9999999999999,0.0,0.0
36,0.26205087784285425,0.1351804443343024,-0.24886258659543578,0.9894559430101785,-0.01726627353127025,0.14380129568325087,0.01836076476679295,0.9998116572856736,-0.006287469511120813,-0.1436656505884997,0.008861475837473997,0.9895866081788723,800.9999999999999,0.0,0.0
37,0.2658925104273482,0.13547195693160388,-0.24698683701391372,0.98978691609994,-0.01767332453458413,0.14145499042899004,0.01880714070217935,0.9998007987018972,-0.006682392809232329,-0.14130871231448836,0.00927450887884193,0.9899221339626049,801.0,0.0,0.0
38,0.2700189913555872,0.13543357864953548,-0.24527740045135477,0.9902850556158002,-0.01747055726025351,0.1379503108116391,0.01853870278651712,0.999807262106353,-0.006461821600110182,-0.13781083093503504,0.008956465174089125,0.9904180716286333,801.0,0.0,0.0
39,0.27392390963722074,0.1357276491984469,-0.24311902141914177,0.9904971858732713,-0.01845363268985422,0.13628935474819112,0.01956345146405574,0.9997854376105013,-0.0068080914206433895,-0.13613447816017762,0.009409685569998948,0.990645679177742,801.0,0.0,0.0
40,0.2774808475853209,0.1363222345266109,-0.24113273226541193,0.9906047122630651,-0.02075961427508686,0.13517152975889377,0.022157306430851918,0.9997153802108669,-0.008843774170060194,-0.13494946392609056,0.011755721372646834,0.9907827436936261,801.0,0.0,0.0
41,0.2805724784750781,0.13694354658329527,-0.23907439022234342,0.9904814524591117,-0.022653060033628103,0.13576940452694564,0.024295664741425728,0.999650160948956,-0.010453534784875675,-0.13548510253625973,0.013652640251585184,0.990685314519651,801.0,0.0,0.0
42,0.28408849672951386,0.13773189157641402,-0.2371803360242681,0.9903195177527736,-0.024021128509301545,0.1367122457684516,0.02591790104453927,0.9995907106708531,-0.012110885433539543,-0.1363653737697344,0.01553694067950543,0.9905367677733937,801.0000000000001,0.0,0.0
43,0.28796901928114804,0.13846535500024282,-0.23556066788002122,0.990113907343992,-0.024948525766411093,0.13802906051297867,0.027050738041469347,0.9995445788412176,-0.013375069365974154,-0.13763251089558967,0.016976630148988307,0.9903378645560109,801.0,0.0,0.0
44,0.2911780076191183,0.13905894863088994,-0.2340029935104356,0.989848311529138,-0.025287293109579324,0.13986019079818499,0.02752947492668355,0.9995212630959955,-0.014119937296136552,-0.1394361795703525,0.01782687370729788,0.9900705805146663,801.0,0.0,0.0
45,0.2948443107633537,0.13963534869163,-0.2331639618431468,0.9897426471138377,-0.025459458069828262,0.14057492123022444,0.027797388965007924,0.9995055962683131,-0.01469245367703641,-0.14013135855625322,0.018449363759069356,0.9899610211145005,801.0,0.0,0.0
46,0.2994585526774023,0.14027764316046512,-0.23249493289960244,0.9896817568617651,-0.025716853677431116,0.14095624701283666,0.028124215606319558,0.999490181985735,-0.015113060929263124,-0.14049572460235038,0.018921404574078683,0.9899004656112677,801.0,0.0,0.0
47,0.3034773891088585,0.1408285454585142,-0.23191652715853428,0.9896072034628606,-0.02570625561490134,0.1414806392291109,0.028170651913611903,0.9994838300012457,-0.015443054646115674,-0.14101062805752831,0.019268159961505257,0.9898205598928117,801.0,0.0,0.0
48,0.3066933385771933,0.14126805063561404,-0.23069836304385952,0.9892813536451509,-0.025737748445622242,0.14373577019993203,0.028246329458973877,0.9994817545832343,-0.015439142700118232,-0.1432639110247689,0.019333663909600254,0.9894956600398598,800.9999999999999,0.0,0.0
49,0.31053941544570773,0.14170772146201474,-0.22915492655649475,0.9888864950860421,-0.025861725819495245,0.1464058433740968,0.028372650858509943,0.999483540070396,-0.015087935962558951,-0.1459400305594884,0.01907417798979651,0.9891095405536786,801.0,0.0,0.0
50,0.3146903353894108,0.14220909677071386,-0.22774262401642575,0.9885338117528808,-0.026890228708361674,0.1485860646942775,0.02940825939800602,0.9994582763142423,-0.014775255874032245,-0.1481082620939818,0.018975497542239456,0.9887890943940092,801.0,0.0,0.0
51,0.3184041722701844,0.14267922329657615,-0.22679017044932415,0.9883387875794184,-0.02780952913015706,0.1497099564344478,0.03034748346863524,0.9994313926743468,-0.014694270452679918,-0.14921618951429572,0.01906623787155025,0.9886207601301215,801.0,0.0,0.0
52,0.3216378078824791,0.1430718600819387,-0.2256833354020828,0.9880833914236026,-0.029643181185048377,0.15103805282796173,0.032176198828400254,0.999379135607639,-0.014353938173322625,-0.1505187822890785,0.019042718329028246,0.9884237305209008,801.0,0.0,0.0
53,0.32507803992781703,0.14359162706995943,-0.22449937390267855,0.9878141828281392,-0.032146077010844175,0.15228187658545772,0.03472994206639513,0.9992938833854489,-0.014337564384986286,-0.151713451373438,0.01945159019827594,0.9882331022138034,801.0,0.0,0.0
54,0.32845844066107627,0.14408033098414716,-0.22337654686081315,0.9875456621111667,-0.034958284226106945,0.15339975100822112,0.0375747183353496,0.9991930729279047,-0.014189557953297207,-0.15277992599630574,0.01977678884090033,0.9880623324647619,801.0,0.0,0.0
55,0.33128405673959305,0.14448114684503907,-0.22183386972379457,0.987137176106659,-0.037317626391296696,0.15545928826767041,0.03995340635861189,0.9991053603798435,-0.013863772235816543,-0.1548028451563946,0.019896573091428664,0.9877450103699349,801.0,0.0,0.0
56,0.33401738464177116,0.14485073658118852,-0.22008979970494763,0.9868767267740877,-0.04007331846173755,0.15642396011841297,0.042717664292679605,0.9989949054715065,-0.013578659703877923,-0.1557225972973756,0.020082529458212116,0.9875966609408516,801.0,0.0,0.0
57,0.33807637503731647,0.14532816933825607,-0.21872976591568213,0.9875558880235835,-0.043575063985153345,0.15111115719443463,0.046226431038077956,0.9988318108586682,-0.01407589039014592,-0.15032127295706743,0.02088605792109587,0.9884165556490256,801.0,0.0,0.0
58,0.342480878037007,0.1457612347767553,-0.21831536555240708,0.9888380449186254,-0.046248954138745406,0.14163458321533942,0.04889862539200145,0.9986868150438636,-0.01528299356528326,-0.14074176834288885,0.02203814190479777,0.9898010279571853,801.0000000000001,0.0,0.0
59,0.34606088281485964,0.14594776265527934,-0.2177874120710174,0.9900095807383871,-0.04956199991422942,0.1320024174426548,0.052183977036717726,0.9985015604343316,-0.016476235942596177,-0.1309880245932211,0.023200042558295112,0.9911124534776359,801.0,0.0,0.0
60,0.3509943907604296,0.14628483967164607,-0.21692157086753078,0.9916643656689949,-0.05431979073823409,0.11683811962054413,0.05687833750361357,0.9982064566929449,-0.018674167701423685,-0.11561418851133778,0.02516406466909363,0.9929753920738391,801.0,0.0,0.0
61,0.3558469192565252,0.14685005243412882,-0.2157141619235815,0.9929461642706663,-0.060698372847885984,0.10185098130990232,0.0631511365616145,0.9977823805548965,-0.021029859846893154,-0.1003486363193211,0.027313523899758347,0.9945773587816233,801.0,0.0,0.0
62,0.3595931846433627,0.1473101965807168,-0.21478935473918556,0.993684836830425,-0.06644230841650421,0.09042048830645581,0.06878130320659141,0.9973666175298688,-0.022999186208023905,-0.08865425755424676,0.029073181616647185,0.995638073161222,801.0,0.0,0.0
63,0.3624313426429249,0.147974712422565,-0.21368544134570136,0.9940312218263165,-0.07169573825789917,0.08222925969589621,0.0739342086292785,0.9969620173634974,-0.024504463447864763,-0.08022258303521924,0.03043775698306684,0.9963121399044564,801.0,0.0,0.0
64,0.3640553046599263,0.14818095149909186,-0.21266039554474161,0.9938696757768618,-0.07822299372020959,0.07812957714363775,0.08039617724355112,0.99644783226987,-0.025063364684346473,-0.07589151636262845,0.03119103746471228,0.9966281136542636,801.0000000000001,0.0,0.0
65,0.3651693692674303,0.14811829004202218,-0.2110794876055891,0.9933042123074535,-0.08634928153143667,0.07674987551308501,0.08846041050995751,0.9957773576798411,-0.024539961380647467,-0.07430678020664841,0.031164972503734994,0.9967483367952827,800.9999999999999,0.0,0.0
66,0.3660469020318187,0.14810122690493685,-0.20934473533524722,0.9924530006493856,-0.09587139165221314,0.07645729373119747,0.09793623082165154,0.994909930448862,-0.023721825112936933,-0.0737938764023062,0.03103073568107157,0.9967906285918887,801.0,0.0,0.0
67,0.3666973660278742,0.14808401725094217,-0.20802329166429706,0.9919745291496281,-0.1007736195263054,0.07636236721017078,0.10279133996707374,0.9944379202997574,-0.022960032614673102,-0.07362386804662599,0.030625157590791645,0.9968157431423282,801.0,0.0,0.0
68,0.36755419036310694,0.14810616674079238,-0.2069487602999673,0.9910435560651298,-0.10958326799301184,0.07631629811353238,0.11154289062468446,0.993518412826665,-0.021893992908425145,-0.07342243208224225,0.030210441081788945,0.9968432553399618,801.0,0.0,0.0
69,0.36931913872769606,0.148454001543265,-0.2066779462503933,0.9893881403269567,-0.12582561036761297,0.07265688925342151,0.12766645500645118,0.9915893767180152,-0.021255216914064293,-0.06937134888736193,0.03030550701763279,0.9971304790236593,801.0,0.0,0.0
70,0.37095293920419786,0.1487974757099362,-0.2060871038274333,0.9871721040435448,-0.1437261236489951,0.06952724918385976,0.14546835679980322,0.9891472998431252,-0.020653725645017707,-0.06580421086986678,0.030502796492916786,0.9973662242315536,801.0,0.0,0.0
71,0.37299685994114024,0.14909299385725525,-0.20525874773943045,0.9850725879212416,-0.15942104885054945,0.06493786037080733,0.16105293170974047,0.9867289073649519,-0.02068856104387053,-0.06077787190948207,0.03083816715952842,0.9976748256483149,801.0,0.0,0.0
72,0.37528042789063015,0.1493598827337479,-0.20454231791159558,0.982449888103153,-0.17683265875011683,0.05935004772927145,0.178339995110118,0.9837426712009438,-0.02109983418311148,-0.054654034711310806,0.03131401695401649,0.9980142127404692,801.0,0.0,0.0
73,0.37712382654984034,0.14959178319405336,-0.20390717490619992,0.9784158265083486,-0.19914190546319407,0.05518126427034321,0.20054386419410994,0.9794575029866078,-0.02109877667860167,-0.049846052723155336,0.03170964099020012,0.9982534095590122,801.0000000000001,0.0,0.0
74,0.37872877156439383,0.14978853937111616,-0.20345593656624184,0.9737603054963485,-0.22167669061571144,0.0514811837210855,0.22298432899053366,0.9745925611542978,-0.02115014816373139,-0.04548468384301972,0.032074671944892746,0.9984499781938643,801.0,0.0,0.0
75,0.3797513345613689,0.14992073510263132,-0.20302432701298195,0.968437578551471,-0.24417001938411506,0.05009648773441478,0.24542666044483294,0.9691963836481491,-0.02059427751212505,-0.04352482960633124,0.032239285930532345,0.9985320313592495,801.0,0.0,0.0
76,0.3806988019253681,0.15004106833662487,-0.2024500711932211,0.9623645157306308,-0.2672783953764597,0.04916094209363147,0.2684929380073927,0.9630759148478346,-0.019907899943610436,-0.042024767729362235,0.03235802226637692,0.9985924480448978,801.0,0.0,0.0
77,0.38108267219583664,0.15009300850007093,-0.2015541033737766,0.9573088543864917,-0.28471110003406247,0.049993467879482646,0.2859182950678844,0.9580699172985048,-0.018781962440339257,-0.042549804449573965,0.03227418604752401,0.9985729272598336,801.0,0.0,0.0
78,0.38129840235015156,0.1500478066587629,-0.20080739160128597,0.952171568346241,-0.30130794593567234,0.05082151266034598,0.30249275012660404,0.9529943054363238,-0.017320217284511153,-0.04321389306581417,0.031864957586112734,0.9985575516334206,801.0,0.0,0.0
79,0.3812734643068413,0.14997714886938357,-0.2000476125484304,0.9459589305554711,-0.32007173814720397,0.0521131858724557,0.3212356454846897,0.9468721330656795,-0.01551849521328685,-0.04437749173155457,0.03142047203779294,0.9985206017727116,801.0,0.0,0.0
80,0.38109698376108997,0.14981320496747727,-0.19871058952100792,0.9381477344268843,-0.3418901762377706,0.054680305246133834,0.3430387852500789,0.9392323078755017,-0.012925310712281387,-0.04693847253431335,0.030883316450227585,0.998420252479476,801.0,0.0,0.0
81,0.38091990073615156,0.14957932172699265,-0.19732065483469918,0.9307261051798827,-0.3612037758657018,0.05727782674862632,0.36233346280287976,0.9319907074945892,-0.010381853255037427,-0.049632437679001606,0.030416335152263253,0.9983042961371774,801.0,0.0,0.0
82,0.3807727654221484,0.14932425112003242,-0.19557681952882047,0.9248215205867341,-0.375554362692965,0.06053160927913584,0.3766808925435699,0.9263086676230079,-0.00798482805496528,-0.05307221732903743,0.030185641433780122,0.9981343430615994,801.0,0.0,0.0
83,0.38039493921649126,0.14909966343984565,-0.1924934009448847,0.9196431692546065,-0.3871328487639611,0.06621630200519407,0.3882494896075172,0.9215438167504776,-0.004396319877417301,-0.05931926384274666,0.029751491002338884,0.9977956071863077,801.0,0.0,0.0
84,0.38012930988337545,0.14889431749588267,-0.18991154114898745,0.9154657338363547,-0.3961156784089376,0.07081567263037088,0.3971905213217053,0.9177353928441926,-0.0011993720470940463,-0.06451495906885978,0.029225297941039986,0.9974886976886509,801.0,0.0,0.0
85,0.379885569240072,0.14864036098150907,-0.18679352605488647,0.9100117483712056,-0.40753832111458566,0.07609950492274142,0.4085096957981954,0.9127489092872196,0.00304253740431943,-0.07069969070121432,0.02831864082359286,0.9970955863490004,801.0,0.0,0.0
86,0.37951316384748274,0.1484031827551662,-0.18363840731085881,0.905367119366894,-0.41677068588975075,0.08131773823883072,0.4175992400500034,0.9086015722632071,0.007352386720486791,-0.07694968407311349,0.02730161650552227,0.9966611098348492,801.0,0.0,0.0
87,0.3792593083800327,0.14818836092169146,-0.1806016182441387,0.9029016207558042,-0.4211513928831905,0.08602422629172923,0.4218140030451327,0.906613017614597,0.011215307699532894,-0.08271402584557744,0.026159903751791353,0.9962299179226219,801.0,0.0,0.0
88,0.37876208139318335,0.14782014439356722,-0.1764051545534094,0.9006490816967617,-0.4245802904948064,0.09253544489613472,0.42494368657632464,0.9050652527615023,0.016725773006959117,-0.09085204938636313,0.024258300993757618,0.9955689026658044,801.0,0.0,0.0
89,0.3781104732497075,0.14720004032592243,-0.17197162935283564,0.8988484031377272,-0.4268946837245911,0.09915884824078589,0.42681794956638736,0.9040434823765569,0.02306122070517717,-0.09948862299128819,0.02159423488224162,0.9948043540893595,801.0,0.0,0.0
90,0.3773622428372003,0.14624838606617352,-0.16772736283862613,0.8965153323282518,-0.4303316313339436,0.10523756921285869,0.4297333613664478,0.9024749183309111,0.02946625039446383,-0.10765452628226234,0.01880714909501574,0.9940104597607912,801.0,0.0,0.0
91,0.37662687491142555,0.14540318044729794,-0.16280409094801918,0.8935822633384878,-0.43469226456993704,0.11204183937228641,0.4335037376373523,0.9004304718616073,0.03604822877103507,-0.11655577249244665,0.016358498285084906,0.9930494204381501,801.0,0.0,0.0
92,0.37616248042910977,0.14489263949627176,-0.15774744486324427,0.8906426362917297,-0.4390938432621621,0.11811981725596067,0.4373380607914637,0.8983252971531213,0.04179809897493436,-0.1244633078560894,0.014431122756745723,0.9921192608217523,800.9999999999999,0.0,0.0
93,0.37577559689228957,0.14466634912567877,-0.15336276477928126,0.8880596750574946,-0.44291675943684783,0.12318586666796903,0.44064709138908054,0.8964699805836919,0.046601660513531,-0.1310730879590487,0.012896438354697615,0.991288821429276,801.0,0.0,0.0
94,0.37568054817017804,0.14420224123668038,-0.14997170508707092,0.8855627471872599,-0.44698805904420186,0.12641319498395065,0.44431986189488776,0.8944627931734694,0.050161458850626825,-0.13549347260979422,0.011746774034278696,0.9907086010426711,801.0,0.0,0.0
95,0.37662570027985504,0.14390052601295633,-0.14654698725756235,0.8832535496572981,-0.45145829117943065,0.12668298363683775,0.448629168359106,0.892222161601979,0.05168639708578199,-0.13636361800421612,0.011181487899231162,0.9905957490385064,801.0,0.0,0.0
96,0.3784944202288544,0.1436398476525655,-0.1441461833841844,0.8818669049713898,-0.4550839688957038,0.12332616579751397,0.4523854552330744,0.8903796863930407,0.05070911113591546,-0.13288401638175237,0.011072276765177958,0.9910697467269847,801.0,0.0,0.0
97,0.38147786976697357,0.1435009223806324,-0.14211928060645299,0.88125034445327,-0.4580838304554628,0.11643467986920286,0.45577925014595805,0.8888359234333736,0.04728611160510349,-0.1251523293326225,0.011397608941916729,0.9920720684370798,800.9999999999999,0.0,0.0
98,0.3840269159128719,0.143645745302423,-0.141281260328676,0.8812752224512812,-0.45969409311872467,0.10970561993443202,0.4577778257407631,0.8879985699823085,0.04356606442444187,-0.11744549609714401,0.011827107048149946,0.9930088997513402,801.0,0.0,0.0
99,0.38515010600432875,0.14411938851088613,-0.13847321778279115,0.8811844646587537,-0.460091024343707,0.10876667027368354,0.45819017728704353,0.8877956782077103,0.043365829790046245,-0.11651480885163652,0.011622524427595936,0.9931209474400369,801.0,0.0,0.0
100,0.3850610356501506,0.1445526767109031,-0.13450574083268174,0.8807174033651838,-0.4601336992679223,0.1123113271567269,0.45796432896105893,0.8877819705666025,0.04595482712541933,-0.12085333594458644,0.010961365558061167,0.9926098526894479,801.0,0.0,0.0
101,0.38444249857233725,0.1450169512867691,-0.1306278137796349,0.8801763234814814,-0.459944799228613,0.11721954293194259,0.4574137283692843,0.8878882835517774,0.04926537354764589,-0.126737211117861,0.010255612806134452,0.9918833105381083,801.0,0.0,0.0
102,0.3833817607667424,0.1452361579791943,-0.12581053846126827,0.8790779208360515,-0.4602352396721388,0.12411902860759719,0.45716676090500824,0.8877474644777866,0.05387942127458293,-0.13498356130354408,0.009378884645301185,0.9908034490758612,801.0000000000001,0.0,0.0
103,0.3820175365645123,0.1450290900859556,-0.12042943761607608,0.8771730243969222,-0.4615909674220029,0.13229234318272495,0.4578139603591259,0.8870535124858684,0.05951843148786832,-0.14482355806514743,0.008357319002097442,0.9894222012106096,801.0,0.0,0.0
104,0.3813222632751491,0.1445823390951107,-0.11692698462594059,0.8748093701172199,-0.4646475520250293,0.13715399502843797,0.4603636702478222,0.8854625332488871,0.06341445677775699,-0.15091009598786778,0.007665155550367991,0.9885177733957651,801.0,0.0,0.0
105,0.38065734688702896,0.14418906166135795,-0.11413185543778721,0.8723728666716679,-0.46802467818065324,0.14113285269189538,0.46328016792645715,0.8836871271590392,0.06684719365416704,-0.15600342144033222,0.007068373737999383,0.9877312238618409,801.0,0.0,0.0
106,0.38028850684170507,0.14376598067640586,-0.11200275025495302,0.8703619571816295,-0.47084675985194974,0.1441297756464075,0.4657401781630173,0.8821898979073325,0.06947712195342526,-0.15986290981852003,0.006656783545423602,0.9871167799694143,801.0,0.0,0.0
107,0.3796547300250445,0.14319305995985945,-0.10928768836636307,0.8679944851107226,-0.4739598129204267,0.14814745881656427,0.46836625386976655,0.8805250376446913,0.07286089703549226,-0.16498068387957698,0.0061444134992122215,0.9862776587398591,801.0,0.0,0.0
108,0.3790252481574017,0.1429219658226396,-0.10684305290065359,0.8660174348355882,-0.476440217885993,0.15171855964757605,0.4703949822901018,0.879188619824309,0.07586785490391544,-0.16953572837924888,0.005664764088133822,0.9855077611316632,801.0,0.0,0.0
109,0.37862406845448776,0.14263738803897874,-0.10495903072858763,0.864274955836053,-0.4787889965581773,0.15423974030515733,0.47239645338722847,0.8779139357076132,0.07815825175588861,-0.17283052838476418,0.0053120867069797115,0.9849372519064657,801.0,0.0,0.0
110,0.37804026527144285,0.1420485027743774,-0.10262328251089937,0.8611637010738218,-0.48335490689547256,0.15736935512642355,0.4764578823452478,0.8754113720722986,0.0815034723038083,-0.17715802636042025,0.004792037830057716,0.9841707524964943,801.0,0.0,0.0
111,0.37762046310461966,0.1414671133131676,-0.10063957517328007,0.8584444123748092,-0.487402522558273,0.15972467519547742,0.48008545800708746,0.8731665344592525,0.08425055555035829,-0.1805301744102453,0.004357075194575517,0.9835597958554199,801.0,0.0,0.0
112,0.37750608362180815,0.1411846826049314,-0.09936099418927546,0.8566254277850696,-0.4902587929440878,0.16074573839779588,0.4827220921206724,0.8715670161090763,0.085733996812013,-0.18213252935894686,0.004153597444051901,0.9832652182283197,801.0,0.0,0.0
113,0.377313164369263,0.14065853918889912,-0.09745685611220631,0.8551162936605285,-0.4923353682553279,0.1624253966631184,0.48451124963086606,0.8703970002925572,0.08750949013024095,-0.18445859507601514,0.00386614104874234,0.982832681414275,801.0,0.0,0.0
114,0.3778375069953409,0.14023376216381223,-0.09548476480150465,0.8542106457671865,-0.4940171755988697,0.16208393773388435,0.4861795188620598,0.8694435832658128,0.08773443427161146,-0.18426515703480745,0.003858203107555948,0.9828689974618787,801.0,0.0,0.0
115,0.3795920680180878,0.1395037801427529,-0.09285699228645383,0.8534070256548574,-0.4966194554600468,0.15832108205004186,0.4891380513525925,0.8679588393233488,0.08597336773358222,-0.18011222968448898,0.004070589518943679,0.9836376441652943,801.0,0.0,0.0
116,0.38239339412843254,0.13870833152538273,-0.0902766285000929,0.8528490332444167,-0.4996942281805458,0.15150645140426341,0.4929222086073602,0.8661894124717167,0.08211941295177722,-0.17226788080111147,0.004645432697930968,0.9850391856161577,801.0,0.0,0.0
117,0.3853345792760059,0.13751164343892058,-0.0874726360972969,0.8515996294940623,-0.503872007210957,0.1445374394223762,0.4977532843407642,0.863763078560485,0.07845388482220562,-0.16437682006158325,0.005132685935731837,0.9863842641493866,801.0,0.0,0.0
118,0.38816371974253844,0.13598923601298382,-0.0847180301609926,0.8499552786703811,-0.5085267467680301,0.13775547931708043,0.5029471461153037,0.8610300388323084,0.07530896655050404,-0.1569082294681392,0.0052744715334592865,0.9875991026095642,801.0,0.0,0.0
119,0.3904737609762233,0.13479083951311915,-0.08269998273708531,0.8484535533466782,-0.5124684269597751,0.13229769152471668,0.507348160530645,0.8586876448075604,0.07248015356644733,-0.15074618343283633,0.005624946596950557,0.9885564971999401,801.0,0.0,0.0
120,0.3918202649569173,0.13350436543125488,-0.08058226130614868,0.8464717439150834,-0.5164913150293751,0.12931476424826457,0.5114956778929858,0.8562759181360142,0.0718590531326491,-0.14784369533447264,0.005317284979457604,0.9889964450038711,801.0,0.0,0.0
121,0.3926812428759443,0.1322145772673658,-0.07865958770850696,0.8443486545721071,-0.5204052553698875,0.1274900768910067,0.5154016387753455,0.8539059913330619,0.07215059745552385,-0.14641209058667518,0.004788334669074398,0.9892120963580744,801.0,0.0,0.0
122,0.3929926904801114,0.13145443318103928,-0.076718160722064,0.8426850522541482,-0.5231564988166243,0.12723671032117578,0.5180187557469765,0.8522263936051715,0.07325805578281169,-0.14675991074465028,0.004177533800537994,0.9891633216054706,801.0,0.0,0.0
123,0.3932539132238842,0.13103860169272297,-0.07477129011969987,0.8417039530772413,-0.5246353381925029,0.12764097027907353,0.5193437496680751,0.8513192185585533,0.07441544055878341,-0.14770418089833784,0.003653769627692892,0.9890248353366354,800.9999999999999,0.0,0.0
124,0.39366127483012114,0.13054675646794406,-0.07368889603659799,0.8408457229338306,-0.5260495737146367,0.127476728144916,0.5206793089777912,0.8504476104401034,0.07504611315136814,-0.14789025466978412,0.0032722914551084337,0.9889983643476562,801.0,0.0,0.0
125,0.3944068410874467,0.13045617375865384,-0.07280052218479172,0.8404956424612172,-0.526649272975605,0.1273091445182648,0.5212180080488419,0.8500777162469908,0.07549612192621583,-0.14798264455436383,0.0029016572105069263,0.9889857012596944,801.0,0.0,0.0
126,0.39546834615668397,0.1307743511757421,-0.07251982441212895,0.8407437755459244,-0.5265037200950778,0.126268509957266,0.521160751063786,0.8501680211226584,0.07487194007779902,-0.14676980422217248,0.00285807390157692,0.9891665461296992,801.0,0.0,0.0
127,0.39643674436737386,0.13079566824080333,-0.07155198442981164,0.8407965848878735,-0.5263538618991549,0.1265413564995038,0.5209687658624117,0.8502612018845386,0.07514940828546579,-0.14714838713585923,0.0027387284833378586,0.9891106366476957,801.0,0.0,0.0
128,0.3973202215859914,0.1305404289678226,-0.06954274988798122,0.8404385329929671,-0.5265015800684606,0.12829325175567038,0.5209165953825935,0.8501704300384988,0.07652542416191738,-0.1493618857528143,0.0025151686958193517,0.9887793995683744,801.0,0.0,0.0
129,0.39860892916794133,0.13059703086920182,-0.06741975444238656,0.8406219637291941,-0.525796414762257,0.12997247523699054,0.5200317392110029,0.8506073611815325,0.07767951671431389,-0.15139915557641967,0.0022907044651299113,0.9884700543586541,801.0,0.0,0.0
130,0.4012853025975386,0.13055223583316633,-0.0654209764371844,0.8410985958210071,-0.5249555616862628,0.13028741444433697,0.5191809387584884,0.8511265211687682,0.07768396097654365,-0.15167170117653725,0.002302871644442324,0.988428243143833,801.0,0.0,0.0
131,0.40310051954919546,0.13056212180734794,-0.06382705321528544,0.8414434074515108,-0.5243032594775565,0.13068697011408978,0.5184789752019425,0.8515288819680563,0.07796226938574587,-0.15215960150425753,0.0021576087324055165,0.9883535806555381,801.0,0.0,0.0
132,0.4047115759945546,0.13058911646969276,-0.06217847633107439,0.8419894291925227,-0.5232671473495956,0.1313213373091614,0.5173627513963677,0.8521665339819897,0.07840906726076219,-0.1529365378045094,0.0019211626009109223,0.9882341445925812,801.0,0.0,0.0
133,0.40617113004873506,0.13054370204651344,-0.06136215313738129,0.8428905761485892,-0.5218922567912874,0.1310112550172557,0.5160107572389521,0.8530096569545244,0.07815000675628941,-0.15253974909374524,0.0017313126874546406,0.9882958198347271,801.0,0.0,0.0
134,0.40802091519449196,0.1303101417337468,-0.06082347422853839,0.8440276942908047,-0.5203523017986591,0.1298103743272666,0.5145632840076466,0.8539504476718199,0.07741614607021166,-0.1511352970732317,0.001454281243579332,0.9885120166415027,801.0,0.0,0.0
135,0.4096516485480619,0.13042361251666718,-0.060595381686755725,0.8453464762927204,-0.5185204007834778,0.1285532146265609,0.512868797594479,0.8550641436078708,0.07636037434515347,-0.14951565628212446,0.001379959231360757,0.9887583952811958,801.0,0.0,0.0
136,0.41090739442384067,0.1304513728286155,-0.060098145510975955,0.8462627770368508,-0.5171931175337336,0.12786943097400122,0.5116265673660179,0.8558676337161553,0.07568916119481447,-0.14858522055420909,0.001368478295960665,0.9888986598737054,801.0,0.0,0.0
137,0.41235261239968646,0.1303984508758747,-0.059263699613363564,0.8479225558839478,-0.5148313579004097,0.12639625052055034,0.5094220146625904,0.8572905416165149,0.07444553869756226,-0.14668520784435277,0.0012649811393818863,0.989182414735713,801.0,0.0,0.0
138,0.4136882965688478,0.1303612853311337,-0.05845743483663532,0.84976562078428,-0.5121954085928628,0.124716691543264,0.5069682401455922,0.8588681117382826,0.07299842548163663,-0.1445046477342115,0.0011958492827912545,0.9895033990480803,801.0,0.0,0.0
139,0.41534245998613106,0.13036219302445434,-0.057555461228410466,0.8524765820590472,-0.5084115496879034,0.12166089423010683,0.5035198252145909,0.8611132793953766,0.0703683569852799,-0.14053989702853908,0.0012712957502719405,0.9900741998205604,801.0,0.0,0.0
140,0.41714149925050525,0.13068296777167898,-0.056669961355131096,0.8572157154184874,-0.5013643083625239,0.11753743037747119,0.49696066463347216,0.8652348819447004,0.06632267239185885,-0.1349493054692333,0.0015586424568452759,0.9908512782385979,801.0,0.0,0.0
141,0.41865158854225126,0.13076625404934114,-0.05572417208390842,0.8622271884966743,-0.49345468737103915,0.11430987240247642,0.48944435028995703,0.8697696578716312,0.06280899788332506,-0.13041665302545616,0.0017926955725250208,0.9914576556042229,801.0,0.0,0.0
142,0.4198286932540257,0.12999783226244477,-0.05484725762433982,0.8654033829090464,-0.48840686118884014,0.11196304208641153,0.4846321226428342,0.8726141948405344,0.06063144947555586,-0.12731335574981684,0.0017902252570616388,0.9918609300407237,801.0,0.0,0.0
143,0.4203662777267127,0.1280398386139193,-0.05303112374048518,0.867823084800783,-0.4840204445639609,0.11228224584037617,0.48026314670823483,0.8750550979422991,0.06021532594861394,-0.1273986004662436,0.0016687747897558836,0.9918501962443439,801.0,0.0,0.0
144,0.4208277044571662,0.125564876933824,-0.05116664286444488,0.8693139449404648,-0.4812660857644908,0.11258871979453548,0.47743073316919526,0.8765739494343674,0.06064656790420872,-0.12787947512236425,0.001032407846178706,0.991789178190843,800.9999999999999,0.0,0.0
145,0.4211371933939931,0.12392591670385386,-0.05022320078282755,0.8707012517689638,-0.4788077525652357,0.11234974967211793,0.4749447094310824,0.8779196311642712,0.060701270166403906,-0.12769828953977502,0.0005072472948249619,0.9918129307227234,801.0,0.0,0.0
146,0.4213162884111748,0.12279403614690106,-0.04956980317002778,0.8720923211143294,-0.4762356650023709,0.11249255456771767,0.4723372942456755,0.8793176791912585,0.06081035706500379,-0.1278767528446652,0.00010218340668944476,0.9917900612732796,801.0,0.0,0.0
147,0.4212836630223695,0.12190164713736092,-0.04896288648059839,0.8737908160870629,-0.4729652860676195,0.11310812480489402,0.4690016728244181,0.8810809949319377,0.06110410180703261,-0.12855753812904994,-0.0003443032407056401,0.9917019919539722,801.0,0.0,0.0
148,0.4212240396241516,0.12113389379044512,-0.04837563684609578,0.8766734702984046,-0.46741310272490205,0.11387983963824563,0.4634049343374867,0.8840386774251432,0.06108587110022562,-0.12922651936279195,-0.0007798829937110882,0.9916147933930263,801.0,0.0,0.0
149,0.42112536298982794,0.12060311023308423,-0.04785277242193893,0.8794016130838487,-0.46205248703928803,0.11471836002285579,0.45800937756866844,0.8868518952496467,0.06100103237872864,-0.12992387372875666,-0.001102321603867456,0.9915233592419271,801.0,0.0,0.0
150,0.4209919891217841,0.12013546810825552,-0.047320944123114106,0.8808238377517922,-0.459144483235564,0.11548034621766326,0.4550422307087093,0.8883604926470243,0.06125523141396148,-0.13071317883001052,-0.0014066336705201542,0.9914192283095333,801.0,0.0,0.0
151,0.4205810545205251,0.11958375456651428,-0.04633801477772235,0.881250818239359,-0.4578906205713764,0.1171886297608265,0.45365533903107225,0.8890070778642215,0.062155039022761385,-0.13264173069235483,-0.0016109314317732243,0.9911627395028825,801.0,0.0,0.0
152,0.42036234405237893,0.11915968999468898,-0.04569690928330933,0.8816734210936705,-0.4568319483624218,0.118137841068714,0.4525124916974873,0.8895511528444343,0.06269921315989077,-0.1337326564258508,-0.0018213809407966706,0.9910157714066683,801.0,0.0,0.0
153,0.4203361880427892,0.11881930073082964,-0.045305581497622205,0.8820969975225966,-0.4559438175109887,0.11840659709292584,0.45159160531113157,0.8900063255976725,0.06287895044166314,-0.13405188911065513,-0.0019939081313404654,0.9909723080672983,801.0,0.0,0.0
154,0.4204141738269541,0.11816890236912383,-0.0449736710411247,0.8825269408255363,-0.45510915328529966,0.11841392364522851,0.45069749541682236,0.8904322524470333,0.06326271751281479,-0.1342310185542961,-0.002462193745511203,0.9909470072914272,801.0,0.0,0.0
155,0.42076685060393876,0.11686363756260643,-0.04489846975273523,0.8826829253069512,-0.45503019441832593,0.11755158671487048,0.45052955751729395,0.8904692333003766,0.06393482891750618,-0.1337683489276687,-0.003473717469797414,0.991006539893711,801.0,0.0,0.0
156,0.42151476447536185,0.11473584550361372,-0.044938569283841635,0.8822234108365341,-0.45635315581277214,0.11586047881687543,0.45173561695447706,0.8897849338393553,0.06494385180486313,-0.13272824020045582,-0.0049566815731664216,0.9911400736329211,801.0,0.0,0.0
157,0.4228319499669221,0.11250001796472679,-0.0451729454265932,0.8822248256350953,-0.4569064251824367,0.1136480341234822,0.4522334671209562,0.8894918667287435,0.06549129895775771,-0.13101239730989145,-0.006382605300480605,0.9913601838386962,801.0,0.0,0.0
158,0.4235442245577735,0.11080401684128025,-0.04383472621216807,0.8824868861126339,-0.45624319038742195,0.11427618765225661,0.45133948128524853,0.8898219473540137,0.0671533665594932,-0.13232372603728287,-0.007684610088842202,0.9911767644045095,801.0,0.0,0.0
159,0.4246187399610309,0.10943796625109256,-0.042302084086591654,0.8829580239666599,-0.4551916313339521,0.11482903237607979,0.45008435141836695,0.8903493841648328,0.06857150082658985,-0.13345113158455915,-0.008863006309287425,0.9910157630421235,801.0,0.0,0.0
160,0.42825245990632155,0.10866246115988258,-0.04264675866882366,0.8842630817744922,-0.4536743115369573,0.1107177549544138,0.4488021902726627,0.8911163898867006,0.06699383316212443,-0.12905578722838615,-0.009549802446213469,0.9915913498292025,801.0,0.0,0.0
161,0.43087984364337545,0.10809420783863247,-0.0426141659885539,0.8851225754230921,-0.45263453507230145,0.10807406782514516,0.44790465210575414,0.8916396040289465,0.06603210695659191,-0.1262515310735514,-0.010039630819156393,0.9919474566299362,801.0,0.0,0.0
162,0.43230954483554224,0.10747274283437433,-0.041979636906532614,0.8855149078073856,-0.45205768935336216,0.10727158779181183,0.44731374405506225,0.8919255297514103,0.06617600590175043,-0.12559364008706644,-0.010615784199262887,0.9920249708024063,801.0,0.0,0.0
163,0.43307375313754504,0.1060887912507806,-0.04127521075180958,0.8850908809919582,-0.45299131809916304,0.10683163441444773,0.44810363213776305,0.8914370137276251,0.0674031558706147,-0.12576671757592975,-0.011786275202832975,0.9919898267961317,801.0,0.0,0.0
164,0.43349341295389443,0.10530834610778875,-0.04066850096549917,0.8847264061874424,-0.45374066384247946,0.10667050281328384,0.44876877930770287,0.8910474839938082,0.06812462100429163,-0.1259593939066356,-0.012401259778352203,0.9919578820910607,801.0,0.0,0.0
165,0.43410609272477924,0.10420611245734913,-0.04010587457390469,0.8842135266780263,-0.4548369297497723,0.1062535014736361,0.44979051655028457,0.8904790357629484,0.06881553667681316,-0.12591636295984504,-0.01305581106214282,0.9919549462231005,801.0,0.0,0.0
166,0.43493833312927144,0.10366372105124601,-0.03968270100503958,0.8844276731009848,-0.45460188409800717,0.1054742529137779,0.44953689964495613,0.8905903015224753,0.06903253357444697,-0.1253166665323418,-0.01363971439028605,0.9920230296120012,801.0,0.0,0.0
167,0.43575949480189363,0.10338364348349559,-0.03916337682686215,0.8846944437896443,-0.4541480897276191,0.10519150975476249,0.4490484017007623,0.8908148565989992,0.06931395380798404,-0.12518495939098534,-0.014085590483149304,0.9920334279060451,801.0,0.0,0.0
168,0.43698291452354365,0.10329592984702002,-0.03913070471741349,0.8850710934237053,-0.45367676353053366,0.10405072713934756,0.448636874140545,0.8910509521161911,0.06894313522193547,-0.12399239794103327,-0.014338583099089145,0.9921795655462488,801.0000000000001,0.0,0.0
169,0.43874573010788154,0.10328763814624703,-0.03933219304619718,0.8855445495282356,-0.4531874016469169,0.10213730850845036,0.44827419993995327,0.8912967040140435,0.06812068028064136,-0.12190608052525155,-0.014538376877031755,0.9924351581482552,801.0,0.0,0.0
170,0.4400691291920282,0.10348170861147996,-0.03895994217474101,0.8860448139691928,-0.45234366327801745,0.10153717511592589,0.44747685849435215,0.8917240114266963,0.06776982040043131,-0.12119838592293278,-0.014611561768160336,0.9925207572199037,801.0,0.0,0.0
171,0.4411176213379476,0.10336945925406589,-0.03838123437651742,0.8860292855863777,-0.45234374912044983,0.10167220719030642,0.44748336869579963,0.8917259777851175,0.06770092528049546,-0.1212878387306498,-0.014488380683558514,0.9925116357006684,801.0,0.0,0.0
172,0.44189330964133966,0.10310392513836632,-0.037597565045394056,0.8858483915010072,-0.4525796718789328,0.10219720092564073,0.44768857477392243,0.8916077298613145,0.0679013701514724,-0.12185059413877451,-0.01439780030111205,0.9924440216226389,801.0,0.0,0.0
173,0.44235631412372317,0.10309975392681331,-0.03729473508664592,0.886072556585636,-0.45211595914161884,0.10230632412147873,0.44721696441406245,0.8918423392688558,0.06792811367708051,-0.12195249569429152,-0.014436113635921552,0.9924309484377362,801.0,0.0,0.0
174,0.4424916425100383,0.1031986609842845,-0.036949171127678856,0.8863855115487487,-0.4513590877482527,0.10293541093097369,0.446444894158009,0.8922284079253555,0.06793691611509636,-0.12250584229622435,-0.014263309505534415,0.9923652939342659,801.0,0.0,0.0
175,0.4428447251012327,0.10335285761855055,-0.037063354171547866,0.8868028887462387,-0.4505880784256371,0.10271815853108994,0.4457455680201895,0.8926232844449523,0.06733914654244165,-0.12203083668353996,-0.013930385759114986,0.9924285461689005,801.0,0.0,0.0
176,0.44293599358985597,0.1034781706427637,-0.03703495573677306,0.8870373707020769,-0.45007447033692827,0.10294500536150215,0.4452619053540554,0.8928869746204567,0.06704242085130896,-0.12209233644427668,-0.013631643483501297,0.9924251305149,801.0,0.0,0.0
177,0.4430647612714995,0.10361019826571469,-0.037034140751446204,0.8875985657918001,-0.4489658902654271,0.10294860553942435,0.4442223335054559,0.8934510510637732,0.06642091363423522,-0.12180026444678592,-0.013223037896472417,0.9924665469674439,801.0,0.0,0.0
178,0.44329139638708637,0.10387788069563964,-0.03707448430855332,0.8883752350964453,-0.4474340340712546,0.10291854459745771,0.4428067012582002,0.8942292942507652,0.06539261903769678,-0.1212916608352219,-0.01252016207969096,0.9925379481678933,800.0125778401627,0.0,0.0
179,0.4434415433768987,0.10414138327894916,-0.0370928004897476,0.8891077278575387,-0.4459479233252564,0.10304318485904906,0.4414240067530775,0.8949808685295645,0.06445223989998644,-0.12096402161826439,-0.011819249043726467,0.9925865256117365,776.0060634312123,0.0,0.0
180,0.44367320135669674,0.10439322284906319,-0.03712400504761648,0.8898009158438104,-0.4446311518636946,0.10274954479646371,0.44021412459900455,0.8956425178594234,0.06352955773468519,-0.12027408144337852,-0.011296857739953647,0.9926764459470945,757.7565265040232,0.0,0.0
181,0.44374438712127745,0.10454271295468265,-0.037065961270343,0.8904808950751036,-0.44327035044355384,0.10273836636763871,0.4389213267451377,0.8963215452053174,0.0628948052627577,-0.11996601366441363,-0.010912562412242786,0.9927180221729979,736.9483799342836,0.0,0.0
182,0.44378714625939153,0.10460121606695644,-0.037014393907999585,0.89093375688015,-0.44235410720480667,0.10276129957557129,0.43805615948947746,0.8967778717636495,0.062419947519914976,-0.1197657796899905,-0.01059681811195724,0.9927456197139077,718.1673138259323,0.0,0.0
183,0.44380357702702056,0.1045456445946385,-0.03696637567570015,0.8911860654292205,-0.4418250723593092,0.10284941526074093,0.4375693846154703,0.897042331349741,0.062032970377535565,-0.1196680008691702,-0.010279163453939946,0.9927607508189793,687.4270270471835,0.0,0.0
184,0.4438335623317501,0.10445782602657841,-0.036937924429204246,0.8913246801705543,-0.4415577805215035,0.10279611364143543,0.4373228150491225,0.897175128794625,0.06185097986175418,-0.11953689788667812,-0.010174219049731398,0.9927776263143514,668.88401771894,0.0,0.0
185,0.4439564330141659,0.10442409681964072,-0.03693712135284859,0.8917592118067664,-0.4407727769797985,0.10239564068499972,0.43656190886065777,0.897559984680406,0.06164230391904782,-0.11907647916240012,-0.010268056000349735,0.9928319893800059,646.397879760485,0.0,0.0
186,0.4440535236803732,0.10437844381343363,-0.036937,0.8919685357372155,-0.4404132005538743,0.10211926376889323,0.43623132773122314,0.897736985165304,0.06140467549108114,-0.11871966964518575,-0.010223416464359248,0.9928751793630125,638.6855120674073,0.0,0.0
187,0.444132837465177,0.10433737600784834,-0.036945760530509644,0.8921309610322977,-0.4401297256237034,0.10192238708935587,0.435972435910229,0.8978766767287494,0.06120055974448467,-0.11844991977240914,-0.010163562807429905,0.9929080110951716,629.3247682952522,0.0,0.0
188,0.4440410845793527,0.10429817250208709,-0.0368465005903907,0.8922038884144521,-0.43994787015608416,0.1020690601664253,0.4357866050610336,0.8979661461118371,0.061211398337511366,-0.11858438492276595,-0.010132718400316713,0.9928922759646734,617.6471282812582,0.0,0.0
189,0.444082779079908,0.10427855695325466,-0.036856857315223035,0.892274670533698,-0.4398267254380689,0.10197236838676527,0.4356771289277206,0.8980258051151389,0.061115404576955815,-0.11845400648892765,-0.010104698794731165,0.9929081243544081,609.0713423884816,0.0,0.0
190,0.4441280084603111,0.10426739830793778,-0.036876679018647766,0.8923277028183823,-0.4397417568609494,0.10187471745096839,0.4356024710081896,0.8980676444136396,0.06103272326298319,-0.11832902448016865,-0.010084311091104872,0.9929232340092509,605.349576984446,0.0,0.0
191,0.44416600053417465,0.10425824986645633,-0.036895500267087336,0.8923659703711049,-0.43968259914960733,0.101794827612615,0.4355512639957739,0.8980967652670725,0.0609696371032713,-0.11822889391058346,-0.010070363541928449,0.9929353032412602,594.3435663774585,0.0,0.0
192,0.4441955243119922,0.10425245360600152,-0.03690946981399632,0.8923948956592506,-0.43963809731870224,0.10173344379950273,0.4355129539244213,0.8981186792729757,0.06092048017695435,-0.11815167017583882,-0.010058892928999086,0.9929446115004114,586.8689220019479,0.0,0.0
193,0.4442171817795111,0.10424895097124694,-0.036920441258777525,0.8924167446733697,-0.4396044399440469,0.1016872175254411,0.4354839238606594,0.8981352479541028,0.06088372887188902,-0.1180936318584068,-0.010050510628975745,0.9929516007090113,578.7058274816555,0.0,0.0
194,0.44430522852947557,0.10424753774017449,-0.03693819441375539,0.8924572587667983,-0.43958386358257306,0.10142025513806358,0.4354829390487529,0.898145419096975,0.0607405626626836,-0.11779070876734007,-0.010041565263293237,0.9929876715725884,566.9669082969546,0.0,0.0
195,0.4445534321984928,0.10435617907678135,-0.03697747243545172,0.8926236903694695,-0.4394170723017783,0.10067563737530164,0.4353805252362788,0.898228063823483,0.06025067306594191,-0.11690485719666008,-0.009948966260409493,0.9930932848600769,560.2812875826858,0.0,0.0
196,0.4450088460668745,0.10468426442585221,-0.03703570497585158,0.8929818117953738,-0.4389942270957005,0.09933555445710365,0.4350849782574803,0.8984376004673579,0.059253183552819944,-0.1152586027042646,-0.00969260765247731,0.9932882300015216,549.5332865324667,0.0,0.0
197,0.4456004231852917,0.10502474631131484,-0.037113715145313184,0.8932172936409309,-0.4389179600798782,0.09753917500209554,0.4351619481608832,0.8984777465156086,0.05806735648416078,-0.11312358380813332,-0.009421429591748038,0.9935362557304348,532.4685619627408,0.0,0.0
198,0.4461730805041252,0.10511426532167434,-0.03738997179424407,0.8933394772172699,-0.4390756195522469,0.0956931489709972,0.43545147681433233,0.8984019192220148,0.05706139569286227,-0.11102517635830148,-0.009305474357114717,0.9937740278159805,518.3100679009968,0.0,0.0
199,0.4466416921167582,0.10503098876144451,-0.0376504610245698,0.8933464767152967,-0.43939903182538775,0.09413056555273523,0.4358692427264875,0.8982436378198881,0.05635929702482112,-0.1093164021791982,-0.00931976110238815,0.9939633123348116,504.42186938259374,0.0,0.0
200,0.4469781119328828,0.10482280004935086,-0.037854895956571225,0.8932520588855526,-0.43984022936142253,0.0929587646863522,0.43636602972922023,0.8980264744021788,0.055974452843688766,-0.10809924789321482,-0.009435248172900923,0.9940953317951137,485.28533859742697,0.0,0.0
201,0.4472569751169871,0.10465840713397329,-0.03799767744298389,0.8933155726574085,-0.4399098448603422,0.09201421652503557,0.4364827750072359,0.8979913841877059,0.055626082431091725,-0.10709843495471415,-0.009529025112654715,0.9942027574447042,477.00000000000006,0.0,0.0
202,0.4474929239425295,0.10456386026416373,-0.038097244500570934,0.8934578274210937,-0.4397827137921594,0.09123746636981289,0.4363990781552365,0.8980531216305435,0.05528503698918915,-0.10624949508227771,-0.009578902820250014,0.9942933618482632,477.0,0.0,0.0
203,0.44766080874191216,0.1047199095516921,-0.03816272055727703,0.8936869069298342,-0.4394173091103581,0.09075318637049508,0.4360816064105308,0.8982333039783391,0.054861317652490874,-0.1056245470172379,-0.009453045983629896,0.9943611491752052,476.38025250289576,0.0,0.0
204,0.44777094398491185,0.10475122238345408,-0.03820977929344448,0.8938027643183626,-0.43925164791229193,0.0904135404858673,0.43594183843080875,0.8983146519957085,0.05463972470095173,-0.10522039727362881,-0.00942209192085762,0.994404290106099,475.477079604574,0.0,0.0
205,0.4479245196583688,0.104629685959422,-0.03835163110552043,0.893826578500114,-0.4393004514878875,0.08993976255982539,0.4360108542897935,0.898290040143018,0.054493474116994456,-0.10473100070305824,-0.009493002812247023,0.9944552782248897,475.0,0.0,0.0
206,0.4480660561812843,0.10465812199748323,-0.038545314153828565,0.8938558593360612,-0.4393350920893608,0.08947837498202847,0.4360788186316588,0.8982736030304896,0.0542199044580408,-0.10419676900656964,-0.009445155237217655,0.9945118512974778,475.0,0.0,0.0
207,0.4480968288914747,0.10480319334552356,-0.038661496835159556,0.8938467543399177,-0.4393903084205419,0.08929802137839325,0.4361591972171536,0.8982479220163252,0.05399838216318992,-0.10393812793620542,-0.009318125318693596,0.9945401138725688,475.0,0.0,0.0
208,0.4482333197913014,0.10498412873384819,-0.03897165313353419,0.893889002165231,-0.43940427339838556,0.08880504674445254,0.4362230230303253,0.8982429005758855,0.053564594120596644,-0.10330501433295435,-0.009141995638631321,0.9946077105720684,475.0,0.0,0.0
209,0.4484171467714202,0.1051243763118321,-0.039353205293860334,0.8939476260262845,-0.4394102525343362,0.08818317237251762,0.4362828393457566,0.8982414546574256,0.05309965374008428,-0.10254231328761297,-0.008995504578567803,0.9946879686027181,475.0,0.0,0.0
210,0.44859785981801875,0.10506948762499829,-0.039730612071699534,0.8940811421350583,-0.43929092959269894,0.0874207667322363,0.4361807848778125,0.8982972314037726,0.052994404947056484,-0.10180979413516726,-0.009250039453945067,0.994760877089693,475.0,0.0,0.0
211,0.4486982304747089,0.10507424555660519,-0.03994264430181354,0.8940199884165779,-0.4395015506018979,0.08698647785805201,0.4364022731150222,0.8981929975645605,0.052937653386139094,-0.10139682604334095,-0.009366223599553455,0.9948019689987649,475.0,0.0,0.0
212,0.44896109901805803,0.10482078758163374,-0.04051417948794964,0.8939575473889445,-0.4398288128846314,0.08596812678451844,0.4367746228595042,0.8980316314608845,0.05260340028591234,-0.10033858825138516,-0.009476510549667014,0.9949082186088931,475.0,0.0,0.0
213,0.4493333738805205,0.10467584053759682,-0.04135413416082737,0.8941171282942455,-0.43980039075953675,0.08444037647127434,0.436801336646714,0.8980422005444666,0.052199601003226986,-0.09878842641977753,-0.009788888037506369,0.9950603119793762,475.0,0.0,0.0
214,0.4502077176406042,0.1050502600322948,-0.04341721294288518,0.8947680340386948,-0.43911812209622025,0.08102740344610647,0.43630502925812287,0.8983744533169872,0.050608922844425155,-0.09501624443534733,-0.00993058276705908,0.9954261885339911,475.0,0.0,0.0
215,0.45131040736217964,0.10552785364703163,-0.046030524213980906,0.8954510565476691,-0.438476708229426,0.0768477824530416,0.43591576735057797,0.898689473079522,0.048318472153079495,-0.09024881773641118,-0.009767666883036246,0.9958713489105117,475.0,0.0,0.0
216,0.4527533615959339,0.10612964049871745,-0.04949591870305786,0.8963851113270025,-0.43748643487601047,0.0714097436681839,0.4352557510897135,0.8991764285727447,0.04510190065277929,-0.08394142799956919,-0.009347170622281673,0.9964268498323151,475.0,0.0,0.0
217,0.4537801554926566,0.10633756695146944,-0.051983948769732446,0.8968299583807268,-0.4372051051778238,0.067436798243036,0.43518567586939066,0.8993149127004495,0.042966444031179496,-0.07943206700650265,-0.009186065590387173,0.9967979549186704,475.00000000000006,0.0,0.0
218,0.4546305223803324,0.1063330845958868,-0.054364079584108244,0.8968178068676047,-0.43777852641369075,0.06377917447127335,0.43593143549924895,0.8990363258141036,0.041200344783036455,-0.07537642090696395,-0.009145855768292677,0.9971132074611798,475.0,0.0,0.0
219,0.45544375901211853,0.10625372329817556,-0.05660342324703628,0.8965969733834273,-0.43872250612986324,0.06030281863072462,0.43702322992146075,0.8985754484695447,0.03965929798635612,-0.07158605889900618,-0.009204673969711037,0.9973919541225602,475.0,0.0,0.0
220,0.45649442471879387,0.10640669358444003,-0.05955539240226501,0.8965362295381286,-0.4394293113033913,0.05589874321470114,0.43792353386123734,0.8982309134727023,0.03747271770875969,-0.0666765897151437,-0.009116273878174295,0.9977329933075966,475.0,0.0,0.0
221,0.4575439982568147,0.10674467618856226,-0.06248065904860454,0.8966975138072548,-0.4396322148417248,0.051546914604539154,0.43831935007001993,0.8981340731018637,0.03509037029801258,-0.061722897583340236,-0.0088714376972274,0.9980538970952925,475.0,0.0,0.0
222,0.45875554846109323,0.10706134940756055,-0.06567050508764938,0.8967905014892039,-0.4399954495576874,0.04659185344317877,0.4388951543215052,0.8979602450232179,0.03222486417263236,-0.056016425732495455,-0.008450013394727552,0.9983940891861213,475.0,0.0,0.0
223,0.4604145000189722,0.10739158926354168,-0.07012273372297564,0.8967902943385421,-0.4406708103282132,0.03970396585817385,0.43983945579174233,0.8976350270958839,0.028153352542738385,-0.048046031147380326,-0.007784282577585993,0.9988147895559704,475.0,0.0,0.0
224,0.462162459887482,0.10769069747210495,-0.0745908890776674,0.8968556452188533,-0.4411304082914756,0.032464049649887416,0.44054179040333513,0.8974149421873,0.02386110741748897,-0.03965958329708302,-0.007098198332044267,0.9991880368745117,475.0,0.0,0.0
225,0.4634676902293956,0.10787154890728115,-0.07851358637645156,0.8968103013786767,-0.44160530768457085,0.026758840892362013,0.44118039952781873,0.8971857203519508,0.02043619996539313,-0.0330323843154179,-0.0065219185342055095,0.9994330023393623,475.0,0.0,0.0
226,0.4645390876041203,0.10818307532702305,-0.0827896882286566,0.8967702229460474,-0.44197934761845153,0.02138746165547575,0.4416909762092264,0.8970066206610375,0.016976572846310337,-0.02668798929550518,-0.005777436199001052,0.99962711670819,475.0,0.0,0.0
227,0.46544890542793366,0.10856444728066836,-0.0873724722411688,0.896800084633803,-0.44213773441247795,0.016242906433421803,0.441959300745874,0.8969336878213494,0.013488370376447964,-0.020532527487425224,-0.004917668125774858,0.9997770910833989,475.0,0.0,0.0
228,0.4662502976884005,0.10884144067784463,-0.09117231802606846,0.8968728725771719,-0.44212966535363224,0.011849449331394368,0.4420239053143214,0.8969411834138572,0.01055370204360482,-0.015294363858884347,-0.004227589198884309,0.9998740970360807,475.0,0.0,0.0
229,0.46715898221117896,0.10914904814734129,-0.09579044462514084,0.8968268389349449,-0.4423329350535535,0.00657233085466942,0.4422900682848235,0.8968444652345172,0.007035671596872771,-0.009006467818217968,-0.0034029024555055935,0.9999536508220357,475.0,0.0,0.0
230,0.46869935482272296,0.10957213626506476,-0.10202905168246967,0.8967279590565699,-0.44257898517888744,-0.0016761038944058857,0.4425816097467115,0.8967263819961289,0.001820589504065897,0.0006972519259433933,-0.0023743862699497137,0.9999969380601087,475.0,0.0,0.0
231,0.4700546074579273,0.10999007499687935,-0.10713898710772751,0.8966173996087723,-0.4427220284084772,-0.008628109913926273,0.4427170872309313,0.8966576447589172,-0.0025785207293263735,0.008878028641722872,-0.0015078651382358316,0.9999594526530371,475.0,0.0,0.0
232,0.47094640817333516,0.11046947697073964,-0.11133669472366191,0.8967217424567464,-0.44238251937369927,-0.013704858916278363,0.44234256877541817,0.8968261948863139,-0.005985650749905624,0.014938823732174016,-0.0006947793275383606,0.9998881681604124,475.0,0.0,0.0
233,0.47184544339248824,0.11094551534232822,-0.11646566646588465,0.8965681189538449,-0.44245650727286323,-0.01994610857944332,0.44233992067982264,0.8967899179708732,-0.01016059047313915,0.022383088449372184,0.0002867014010606373,0.9997494261832683,475.0,0.0,0.0
234,0.47275880087864547,0.11166532798075127,-0.1218085725855714,0.8965819723857174,-0.44208194265822537,-0.02653908002298393,0.441838328444266,0.8969734155927828,-0.014750702945758074,0.030325868668741218,0.0014992315853797518,0.999538940709235,475.0,0.0,0.0
235,0.473694756765194,0.11239234033838202,-0.12727579871617528,0.8965978548103363,-0.4415801650066884,-0.033455113542911,0.4411565161551819,0.8972175706056416,-0.019533541674085324,0.038642140252914126,0.0027547902236665436,0.9992493163007407,474.5573567073702,0.0,0.0
236,0.4749085469850331,0.11326943678718598,-0.134466886101742,0.8964133544634109,-0.44115489281748804,-0.042725384525431544,0.4403964204481769,0.8974184003552298,-0.026290826542601935,0.049940873000859594,0.004751341605397499,0.9987408742796405,474.7063809857335,0.0,0.0
237,0.47601475541196125,0.11402629125285899,-0.14182533908366327,0.8958524802646903,-0.4412514252775704,-0.052397645883334114,0.4400326360705303,0.8973565442854662,-0.0335039045615052,0.06180301607869015,0.00695788175804222,0.9980641137146542,474.947624644861,0.0,0.0
238,0.47695881505355825,0.11460574855011507,-0.14860547776827063,0.8953873892631716,-0.44101627302730473,-0.06153104967077566,0.43929480425712664,0.8974571110882408,-0.03988494339775131,0.07281138716694266,0.008682204918962978,0.9973079370067054,474.13378012624287,0.0,0.0
239,0.4774491467481401,0.11502948017629644,-0.15394903075682023,0.8949065521585777,-0.4409764436017359,-0.06842542723295135,0.43880621336909814,0.8974617162561365,-0.04485058487091961,0.08118725276987986,0.010111579646876201,0.9966475735909482,474.60605198578685,0.0,0.0
240,0.4777527751022618,0.1152506344331856,-0.15859987203182563,0.8943787930220914,-0.4410955867247514,-0.07430516781687724,0.4385122966026102,0.8973900690102509,-0.048969682152139475,0.08828103035562829,0.011213715429084753,0.996032485547346,475.0,0.0,0.0
241,0.47699392219932946,0.11516994118697237,-0.16282910311752774,0.8938222955572007,-0.44146496462672036,-0.07867902498115159,0.4385491345203354,0.8971978125598439,-0.05206478415681797,0.093575427203518,0.012032046582349333,0.9955394865492374,475.0,0.0,0.0
242,0.47447870307591367,0.1149758088731382,-0.16529889746151127,0.8936200095118176,-0.4418039397379052,-0.0790731144711293,0.4388047360577155,0.8970233693595366,-0.0529100976769369,0.09430632117423285,0.012583864864570148,0.9954636930253422,474.39017208851476,0.0,0.0
243,0.4709304897809692,0.11477879437060554,-0.1685790170328545,0.8933529760257115,-0.4423071507297528,-0.07927701204846459,0.43921670892543974,0.8967650429835201,-0.053862234297054445,0.0949165045011149,0.013298198979298684,0.9953964110228632,474.71244321813606,0.0,0.0
244,0.4665698506481919,0.11487407545894959,-0.1711399272037044,0.8933289410665192,-0.44257938062368074,-0.07801855484261819,0.4394768375959325,0.8966182072706943,-0.05418394233871044,0.09393355241685436,0.014116736076210869,0.9954783802237519,475.0,0.0,0.0
245,0.4614200473495764,0.11495418808991623,-0.1731259644805475,0.893465496708204,-0.44268078757214463,-0.07584936721204812,0.43962164394229813,0.8965544907142199,-0.054063438270582145,0.09193593622427297,0.01495879322243536,0.9956525589460888,475.0,0.0,0.0
246,0.45556117642419525,0.11492521170935392,-0.17483925248308677,0.8936766968378484,-0.442689017400108,-0.07326933466545947,0.43969915548550764,0.8965357900992397,-0.053742252804134874,0.08947968593107399,0.0158117343912363,0.9958631305863358,475.0,0.0,0.0
247,0.45016245574423097,0.11473375395414853,-0.17601188330630044,0.8937968061128851,-0.442847802310145,-0.07080320170359751,0.439938416178411,0.8964452688426465,-0.05329230657483647,0.08707157603280642,0.016483444989136287,0.9960656789029795,475.0,0.0,0.0
248,0.4446235972808135,0.11439068445994086,-0.17669779976305622,0.8938493602466682,-0.4432179111410114,-0.06775842700668755,0.44043555842756366,0.8962524092795282,-0.052422683384591814,0.08396332567986017,0.01701476136886729,0.996323570852531,475.0,0.0,0.0
249,0.43990796839239377,0.11401477073101457,-0.17705491780553617,0.8938215362558526,-0.443661431353395,-0.06517358095643008,0.4409994123681996,0.8960272627774054,-0.05152341846707352,0.08125625893511346,0.017311230143675884,0.9965428950601085,475.0,0.0,0.0
250,0.43402907662876544,0.11355538466933879,-0.17720268848248982,0.8938193173965323,-0.44417409305329575,-0.061614956861782144,0.4416899885846958,0.8957685106577129,-0.0500872169132419,0.07744018228832072,0.01755421243875885,0.9968424488317131,475.0,0.0,0.0
251,0.42821953182931,0.11314113108576193,-0.1770997050152455,0.8939074325255953,-0.44449080481517944,-0.05794330427454336,0.4421927571826534,0.89560793283357,-0.048497382824050694,0.07345112368576248,0.017730061487024305,0.9971412023123732,475.0,0.0,0.0
252,0.4219863743659159,0.11279580746273997,-0.17685254043625837,0.8941015178359437,-0.44458957423220236,-0.05406094974647349,0.44247627983766336,0.8955534195080268,-0.04689151936653375,0.06926194903757424,0.01800509071094091,0.997436012546172,474.54109363910703,0.0,0.0
253,0.41503802412690627,0.11245969652400273,-0.17664748746895775,0.894330184919492,-0.44460510855884594,-0.0499981778192373,0.4426745628824508,0.89553850699388,-0.04527707883690717,0.06490571406816484,0.018359736777775693,0.9977224906489541,474.73829414352764,0.0,0.0
254,0.4091829722397559,0.1121811027672879,-0.17648076592610226,0.8945180780335722,-0.4445775205757866,-0.04677858772782747,0.44278706181891503,0.8955461359789133,-0.044008365329900906,0.061457513429167256,0.01865332495625917,0.9979353824327405,475.0,0.0,0.0
255,0.4033631939748734,0.11194709774097243,-0.17640786681478235,0.8946484263658525,-0.4446316215756851,-0.04366822982536075,0.44295992600525597,0.8955090679472452,-0.04301177952229273,0.058229693065667755,0.01913714501259188,0.9981197686281167,475.0,0.0,0.0
256,0.3976589834401766,0.11172399318397695,-0.17639314958951513,0.894761019817526,-0.4446825045247673,-0.04074539955235665,0.4431178934898583,0.8954729247782821,-0.04212806022284633,0.05522001343907404,0.019639530508885242,0.9982810420704077,475.0,0.0,0.0
257,0.39256548223666016,0.11153467141248241,-0.17652391052659966,0.8948427033740483,-0.44472074998128075,-0.038470647958050164,0.4432320113180498,0.8954427499622416,-0.041565197978773546,0.05293316881862632,0.02014289145444805,0.9983948835819788,475.0,0.0,0.0
258,0.3870212120973532,0.11133778584085499,-0.17688333262907674,0.8949079123026659,-0.4447555345516884,-0.03650127372744724,0.4433219030283733,0.8954113266722514,-0.04128251884684751,0.05104428267089034,0.020762238624016292,0.9984805509642808,475.0,0.0,0.0
259,0.38129159591490547,0.11114491412324007,-0.1774068210282155,0.8949741549990454,-0.44475363940049456,-0.03486347836575426,0.4433577942526367,0.8953964496017788,-0.04121970785881295,0.049549249834697016,0.021433578342033306,0.9985416734219332,474.4752698154487,0.0,0.0
260,0.37585354552954864,0.11089702273135608,-0.17821531816855543,0.8949890353258253,-0.4447837595970486,-0.034088617532302794,0.44338890786059354,0.8953661468112717,-0.04154202126192619,0.04899901052816117,0.02206513863657103,0.9985550693998855,474.4772727163837,0.0,0.0
261,0.37033705267426376,0.11060002080668796,-0.17924395871088222,0.8949584101597702,-0.44486718916387524,-0.03380278227793568,0.44344937681304886,0.89530819594688,-0.0421412443392668,0.04901116493632145,0.02272483830032689,0.9985396774469248,474.99999999999994,0.0,0.0
262,0.3658340182704858,0.1103644750214326,-0.1801240150029335,0.8949211322931784,-0.44493906764694197,-0.033843656075630696,0.4434871940240966,0.8952575329070087,-0.042814232562193244,0.04934851276106403,0.02330613341432342,0.9985096636655776,475.0,0.0,0.0
263,0.3606949012059999,0.11012495726037894,-0.18107516724598308,0.8948857893684887,-0.4449924203417166,-0.034075942023043544,0.44348999864318894,0.8952123495413433,-0.043720365187542604,0.049960435244311714,0.0240123940307677,0.9984624979653017,475.0,0.0,0.0
264,0.3560968785247519,0.10997023258392788,-0.1818934582691381,0.8949027872558245,-0.4449338859227972,-0.03439241950482345,0.4433793907188584,0.8952237236125228,-0.04460045478583536,0.05063316351493775,0.024664181295325445,0.9984127207290084,475.0,0.0,0.0
265,0.35121561072541857,0.10986544153118069,-0.18263692709269452,0.8949770589158433,-0.44476581145943134,-0.03463288857690972,0.44316006427875015,0.895287776438207,-0.04548576468286629,0.05123691484468145,0.025360802770507715,0.9983644666353236,475.0,0.0,0.0
266,0.3453644650451353,0.10974010485011068,-0.1833837631513479,0.8950693060337143,-0.44457324997287706,-0.03472121548677388,0.4429158979209563,0.8953595632055856,-0.046440929632986815,0.05173436735090351,0.0261892723239266,0.9983174230924475,475.0,0.0,0.0
267,0.33989500139664386,0.10962051427945979,-0.18373307564292463,0.8951626286006329,-0.44440752799166167,-0.03443569980624588,0.4427226764845433,0.8954198022912637,-0.047116975614280535,0.05177354617145582,0.02693189055775184,0.9982956341624546,475.0,0.0,0.0
268,0.33447318935239867,0.10950225536948152,-0.18395608054338858,0.8952579218631073,-0.44424449253247733,-0.03406000874797541,0.44253794465953855,0.8954784904600201,-0.04773301436065831,0.0517051339603882,0.02766051297436989,0.9982792570939922,475.0,0.0,0.0
269,0.32975266208425613,0.10940112843474406,-0.18400644925412268,0.8953461760421426,-0.4441001431921544,-0.03361975406543864,0.4423816387951649,0.8955305807274019,-0.04820233022320204,0.05151417963645423,0.0282850101423054,0.9982716301175912,475.0,0.0,0.0
270,0.3245880387966562,0.10933131850970856,-0.1838608136330276,0.8952863763064859,-0.444275164997749,-0.03289197723190614,0.4425582031137235,0.8954229787385127,-0.048579069606171366,0.05103470639431166,0.02893556485143982,0.9982776126058195,475.0,0.0,0.0
271,0.31876623318864566,0.10930543694638065,-0.18363755644951169,0.8951596937652091,-0.4445856310565724,-0.0321362617024194,0.4428700124850911,0.8952464576773451,-0.04898910141675119,0.05054972502034384,0.02962088240067714,0.9982821888755569,475.0,0.0,0.0
272,0.3134173308528827,0.1092537311431499,-0.1832907795061151,0.8950638528198326,-0.4448303211689474,-0.031411538390346556,0.4431269921087969,0.8951090437013001,-0.04917589601374126,0.04999168170733307,0.030096266427502426,0.9982960715675473,475.0,0.0,0.0
273,0.30788026091979204,0.10916575798079042,-0.1827587189241883,0.8948485208279809,-0.44532168928888516,-0.030573155232463095,0.4436446443148371,0.8948535382604714,-0.04915866793838875,0.04924991718507088,0.030425944711852677,0.9983229475203177,475.0,0.0,0.0
274,0.30225143749130867,0.10904821735105306,-0.18204105511772278,0.8944950290549739,-0.44611222477616636,-0.02936879127919023,0.4444798542367973,0.8944477293840444,-0.048999169149718885,0.04812797703599041,0.03077567716536198,0.9983669443252999,475.0,0.0,0.0
275,0.29748568714643653,0.10899501529565961,-0.18119199157305604,0.8940883455904196,-0.4470023096731526,-0.028195131250862718,0.4454197612824795,0.8939956325693196,-0.04871391183267035,0.04698155530040797,0.030995872206622352,0.9984147381562962,475.0,0.0,0.0
276,0.29236251523127144,0.10903926082341683,-0.18018535101955455,0.8937097200645137,-0.44781735240722476,-0.027249865049063272,0.44627832061847594,0.8935839499964506,-0.048408520476189786,0.04602821752101042,0.031102141272336785,0.9984558377815786,474.5869588291579,0.0,0.0
277,0.2866027209846161,0.10915387880189908,-0.17899744243190235,0.8934019613179589,-0.4484899822489257,-0.02626159430770797,0.44699002843870467,0.8932379749932344,-0.04822690645637478,0.04508713774005105,0.03134734202997485,0.998491108702559,474.4994116597044,0.0,0.0
278,0.28119808945854147,0.10947083064917305,-0.1778520960076368,0.8932404547623513,-0.4488429807146879,-0.02571903262376256,0.4473493297078898,0.893045113248353,-0.048466513317321755,0.04472211070432093,0.03178685839133451,0.9984936296480612,475.0,0.0,0.0
279,0.2757480717355286,0.10982133039528685,-0.17653751145838126,0.8930776896310029,-0.4492073623536746,-0.024999717810499315,0.4477314766149992,0.8928472468772972,-0.048583110149342454,0.044144819984937814,0.03219533119701014,0.998506232087518,475.0,0.0,0.0
280,0.2700257045995273,0.11024686958705673,-0.1748385343467011,0.8930842184506466,-0.44925099483213893,-0.023960851335692826,0.447821442501805,0.8928179667086162,-0.0482911374673934,0.04308752011894276,0.03239786975443851,0.9985458645677594,475.0,0.0,0.0
281,0.2649403345617459,0.1111309606589079,-0.17292702861173587,0.8934757716889183,-0.448540272727422,-0.022642198358414502,0.4472080955210896,0.8931944517320505,-0.04699564549489336,0.04130332559603308,0.03186369621829139,0.9986384431604947,475.0,0.0,0.0
282,0.2595519623324911,0.11241516031263535,-0.17058615548871847,0.8943105251075459,-0.44696553252127846,-0.02074843174400152,0.4457857661712662,0.8940239897521595,-0.04467836642859596,0.038519285571810793,0.03070697779985307,0.9987859361011431,475.0,0.0,0.0
283,0.253339193776186,0.11414522943726196,-0.16735703246473,0.8956836762042718,-0.4443438320651317,-0.017587242162296783,0.44340793981284043,0.895402164866405,-0.04055073443832658,0.033766123439531795,0.028522308080329982,0.9990226858533479,475.0,0.0,0.0
284,0.24905546381008292,0.11558784755122176,-0.16489344631886596,0.8967575386315455,-0.44225429802830735,-0.015396518534437258,0.4414968773887297,0.8965051364225689,-0.03686526310705158,0.030106879006186235,0.026261687749272143,0.9992016311000831,475.0,0.0,0.0
285,0.24670749167613615,0.11726084038503559,-0.16345918457305675,0.8980969553159984,-0.43953389969413337,-0.015225303668596049,0.4388791484410598,0.8979204331721375,-0.033525941532059816,0.02840689908778686,0.02342747770521512,0.9993218707566587,474.50430612380126,0.0,0.0
286,0.2452410416449381,0.11903670494013152,-0.1625707879240635,0.899517901332882,-0.43659053978648626,-0.01600767786507487,0.4360069678512138,0.8994299222176488,-0.03039307494717742,0.027667113454028794,0.020359655903247745,0.9994098334740474,474.4267254566563,0.0,0.0
287,0.2443117749006348,0.12043022179799426,-0.16195174077901342,0.9004635959944154,-0.43461205658585755,-0.01666350980489119,0.4340824461704027,0.9004387823795409,-0.027971934390908372,0.02716141041120313,0.01795437153066555,0.9994698086122527,475.0,0.0,0.0
288,0.24367907636210484,0.12149626885773934,-0.16141260160312176,0.9008811079024978,-0.4337305480638271,-0.017059926747213627,0.43323653434789416,0.900893475179025,-0.02640173642178511,0.026820416301654444,0.016393842018015727,0.9995058315053966,475.0,0.0,0.0
289,0.24343287947383063,0.12235883256867178,-0.16118026537165914,0.9013419918011658,-0.4327434665847332,-0.017768115942190865,0.4322606705194251,0.9013861700090533,-0.02556726889026424,0.027080002548085177,0.015364395355428441,0.9995151868868015,475.0,0.0,0.0
290,0.2432988279951156,0.12300588803870378,-0.16094554632394065,0.9019240261075098,-0.4315190295106997,-0.018010505272313782,0.43104905763824247,0.901983323908928,-0.02495582696255507,0.027014089642319574,0.01474484860369056,0.9995263020053304,474.5720432168411,0.0,0.0
291,0.2430365210675202,0.12339069691631027,-0.16046093314312518,0.90231369538992,-0.4307201353893603,-0.017611362297045206,0.43027602290514083,0.9023728862280502,-0.024201617991223827,0.026316140004214048,0.014259704436962187,0.9995519604325975,474.8645244888387,0.0,0.0
292,0.24294512373623778,0.12368056793417762,-0.16004477757494467,0.9027035678355775,-0.4299146646411365,-0.01731039408615892,0.4294881015929023,0.9027617514357967,-0.023689464635099803,0.025811609927391677,0.013949955952329934,0.9995694870902594,475.0,0.0,0.0
293,0.24308963953751545,0.12389427680184988,-0.15980425399646137,0.9029013141274992,-0.42949092438724834,-0.01751464575210978,0.429060631732994,0.902964129552013,-0.023722458541635162,0.02600367750375073,0.013904194020597685,0.9995651465236863,475.0,0.0,0.0
294,0.243348250958171,0.12407321369810959,-0.15964744328805297,0.9030106626293887,-0.42924221376143784,-0.017968447423537107,0.4287980959750946,0.9030813120101829,-0.024007015351770716,0.026531793489432763,0.013973754797715074,0.9995502979395722,475.0,0.0,0.0
295,0.24375926077139903,0.1242326219775381,-0.15956527650346775,0.903087017784561,-0.4290411699494146,-0.018908008817047007,0.4285689134780651,0.9031752691958409,-0.02455849167296346,0.027613849952854968,0.014075070211468036,0.9995195684374185,475.0,0.0,0.0
296,0.24441175995288988,0.12437768797608977,-0.15957025525309979,0.9031073445416171,-0.4289187622074536,-0.02063539826159492,0.4283926650078801,0.9032304382672894,-0.025583196730010378,0.029611632890386264,0.014264319608941835,0.9994596942266651,475.0,0.0,0.0
297,0.2453116067624434,0.12452301310398996,-0.15972174517369062,0.903079927771089,-0.4288489674242535,-0.023134545513497164,0.42824046215739786,0.90325911842955,-0.027075293998228712,0.032507701059638225,0.014544006085800008,0.9993656594354208,475.0,0.0,0.0
298,0.24614622772151246,0.1246407537339588,-0.1600101464389468,0.9030386804880887,-0.4288136114006893,-0.02529877901856921,0.42812942171112756,0.9032718718217363,-0.028374704244314538,0.03501913487833846,0.01479230384880793,0.9992771627227439,475.0,0.0,0.0
299,0.24685238037973892,0.12474437870312746,-0.16018827026271795,0.9030060451720527,-0.4287768103706773,-0.02702830499822182,0.4280294380264601,0.9032860789668342,-0.02941189771971442,0.03702543133417122,0.014990211241687588,0.9992018870085505,475.0,0.0,0.0
300,0.24718923223953057,0.1247958203898491,-0.160218576370777,0.9029971645084292,-0.42875604860230104,-0.02764727249979942,0.4279854392606303,0.9032947370753504,-0.02978391768822563,0.03774367060345668,0.015062163155235196,0.9991739320911364,475.0,0.0,0.0
301,0.2474341130015871,0.1248327980395666,-0.16020172868505445,0.902996683376978,-0.42874078004787114,-0.027898626025678625,0.4279605700891012,0.9033014627197085,-0.029936898594322046,0.03803603895240928,0.015093408242613661,0.9991623735752025,475.0,0.0,0.0
302,0.24741461527115316,0.12483765811713673,-0.15989308918006076,0.9030168740331731,-0.42872972914985763,-0.027410664976357104,0.427968103316281,0.9033076940473719,-0.029639710165326436,0.03746768948335888,0.015034268120172781,0.9991847391883392,474.3290585683685,0.0,0.0
303,0.24756147373417725,0.12489869406967173,-0.15981486779870333,0.9031446543308632,-0.4284604289697881,-0.02741156983120059,0.4277042029506012,0.9034374820111727,-0.02949289534282766,0.03740117821642229,0.014912307143336022,0.9991890586689219,474.71737290315957,0.0,0.0
304,0.24798335875843142,0.1250247858170101,-0.160187453878238,0.9033184213685312,-0.4280309354336321,-0.02837865268251008,0.427245970948917,0.903642000342292,-0.029866628957723927,0.03842798360806633,0.014854411102129733,0.9991509578370162,475.0,0.0,0.0
305,0.24828257170293733,0.1250438109175278,-0.16046475913123864,0.9032651445222711,-0.42810346351422385,-0.028974181926089804,0.4272969794278198,0.9036070228126194,-0.03019337171591842,0.0391071612754223,0.014892039848183401,0.9991240448943955,475.0,0.0,0.0
306,0.2484310108166906,0.12507920379371756,-0.1606583255996249,0.903258639343166,-0.42809056799922285,-0.029364877694878055,0.42727082208960687,0.9036130638076312,-0.030382157709045954,0.03954080225291258,0.014896190999331024,0.9991069154254251,474.99999999999994,0.0,0.0
307,0.24819579228622746,0.12512005467638426,-0.16061616677709392,0.9033299428143186,-0.4279518101825586,-0.029193536554370313,0.4271416686499047,0.9036801624792675,-0.030201967558746608,0.03930660654463832,0.01481256571009675,0.9991173997979562,475.0,0.0,0.0
308,0.24790581541740353,0.12508025458037172,-0.1605212324578147,0.9033202356583107,-0.4279989697776755,-0.02879989096268519,0.4272063508604521,0.9036595268762905,-0.029903064562268565,0.038823776667275114,0.014708547003946469,0.9991378148235218,475.0,0.0,0.0
